{"cameraMode":{"drawMode":0,"name":"Shaded","section":"Shading Mode"},"sceneLighting":true,"audioPlay":false,"sceneViewState":{"showFog":true,"showMaterialUpdate":false,"showSkybox":true,"showFlares":true,"showImageEffects":true,"showParticleSystems":true},"in2DMode":false,"pivot":{"x":-0.20496562123298646,"y":0.8252595663070679,"z":0.531983494758606},"rotation":{"x":0.004309521522372961,"y":0.012493937276303769,"z":-0.00005494424112839624,"w":0.9999127388000488},"size":2.9056758880615236,"orthographic":false}