{"cameraMode":{"drawMode":0,"name":"Shaded","section":"Shading Mode"},"sceneLighting":true,"audioPlay":false,"sceneViewState":{"showFog":true,"showMaterialUpdate":true,"showSkybox":true,"showFlares":true,"showImageEffects":true,"showParticleSystems":true},"in2DMode":false,"pivot":{"x":0.3522109389305115,"y":0.4779953956604004,"z":0.11261987686157227},"rotation":{"x":0.23224137723445893,"y":-0.13757739961147309,"z":0.0332077294588089,"w":0.9623064398765564},"size":2.452604055404663,"orthographic":false}