{"cameraMode":{"drawMode":0,"name":"Shaded","section":"Shading Mode"},"sceneLighting":true,"audioPlay":false,"sceneViewState":{"showFog":true,"showMaterialUpdate":true,"showSkybox":true,"showFlares":true,"showImageEffects":true,"showParticleSystems":true},"in2DMode":false,"pivot":{"x":4.215185642242432,"y":-1.142906904220581,"z":0.40143921971321108},"rotation":{"x":-0.1492970734834671,"y":0.7549510598182678,"z":-0.18450166285037995,"w":-0.6113250851631165},"size":1.4380943775177003,"orthographic":false}