{"cameraMode":{"drawMode":0,"name":"Shaded","section":"Shading Mode"},"sceneLighting":true,"audioPlay":false,"sceneViewState":{"showFog":true,"showMaterialUpdate":true,"showSkybox":true,"showFlares":true,"showImageEffects":true,"showParticleSystems":true},"in2DMode":false,"pivot":{"x":0.5757240056991577,"y":0.7141342163085938,"z":0.24007008969783784},"rotation":{"x":-0.021286098286509515,"y":-0.18031243979930879,"z":0.0038231918588280679,"w":-0.9833716154098511},"size":1.312743902206421,"orthographic":false}