{"cameraMode":{"drawMode":0,"name":"Shaded","section":"Shading Mode"},"sceneLighting":true,"audioPlay":false,"sceneViewState":{"showFog":true,"showMaterialUpdate":true,"showSkybox":true,"showFlares":true,"showImageEffects":true,"showParticleSystems":true},"in2DMode":false,"pivot":{"x":1.9770684242248536,"y":-0.15844666957855225,"z":-1.319258689880371},"rotation":{"x":-0.10875512659549713,"y":0.849121630191803,"z":-0.1927105337381363,"w":-0.4796116054058075},"size":4.738094329833984,"orthographic":false}