{"cameraMode":{"drawMode":0,"name":"Shaded","section":"Shading Mode"},"sceneLighting":true,"audioPlay":false,"sceneViewState":{"showFog":true,"showMaterialUpdate":true,"showSkybox":true,"showFlares":true,"showImageEffects":true,"showParticleSystems":true},"in2DMode":false,"pivot":{"x":-1.099665641784668,"y":3.7783360481262209,"z":-17.467050552368165},"rotation":{"x":0.010921316221356392,"y":-0.9878049492835999,"z":0.08281092345714569,"w":0.1313949078321457},"size":14.137812614440918,"orthographic":false}